{"mean": [64.75849117995308, 71.44364283470114, 46.38155351739878], "std": [30.899817413348213, 25.262250542260823, 25.60764375911316]}